timestamp_s,frame_len,direction,comm_id,port,payload_len,seq_num
1779314471.462429047,53,1,200,1,21,190
1779314471.721648932,933,3,200,1,901,44
1779314471.861702919,53,3,200,1,21,45
1779314471.863066912,50,1,200,1,18,191
1779314471.863467932,50,1,200,1,18,192
1779314471.863784075,50,1,200,1,18,193
1779314471.865698099,58,3,200,1,26,46
1779314472.003770113,933,3,200,1,901,47
1779314472.027904987,353,3,200,1,321,48
1779314472.051211119,353,3,200,1,321,49
1779314472.073697090,353,3,200,1,321,50
1779314472.097125053,353,3,200,1,321,51
1779314472.119616032,353,3,200,1,321,52
1779314472.142210960,353,3,200,1,321,53
1779314472.164664030,353,3,200,1,321,54
1779314472.188286066,353,3,200,1,321,55
1779314472.211956024,353,3,200,1,321,56
1779314472.234513044,353,3,200,1,321,57
1779314472.256711960,353,3,200,1,321,58
1779314472.279577971,353,3,200,1,321,59
1779314472.292334080,612,3,200,1,580,60
1779314472.305469990,353,3,200,1,321,61
1779314472.328702927,353,3,200,1,321,62
1779314472.351082087,353,3,200,1,321,63
1779314472.373859882,353,3,200,1,321,64
1779314472.397381067,353,3,200,1,321,65
1779314472.420650005,353,3,200,1,321,66
1779314472.444169044,353,3,200,1,321,67
1779314472.467520952,353,3,200,1,321,68
1779314472.470933914,53,1,200,1,21,194
1779314472.491456032,353,3,200,1,321,69
1779314472.514538050,353,3,200,1,321,70
1779314472.536748886,353,3,200,1,321,71
1779314472.559799910,353,3,200,1,321,72
1779314472.582461119,933,3,200,1,901,73
1779314472.589104891,67,1,200,1,35,195
1779314472.605839014,353,3,200,1,321,74
1779314472.609148979,65,3,200,1,33,75
1779314472.628587008,353,3,200,1,321,76
1779314472.652549028,353,3,200,1,321,77
1779314472.676301956,353,3,200,1,321,78
1779314472.699839115,353,3,200,1,321,79
1779314472.723228931,353,3,200,1,321,80
1779314472.746680021,353,3,200,1,321,81
1779314472.769010067,353,3,200,1,321,82
1779314472.791987896,353,3,200,1,321,83
1779314472.814388037,353,3,200,1,321,84
1779314472.837737083,353,3,200,1,321,85
1779314472.860861063,353,3,200,1,321,86
1779314472.872684956,612,3,200,1,580,87
1779314472.885524988,353,3,200,1,321,88
1779314472.908634901,353,3,200,1,321,89
1779314472.930730104,353,3,200,1,321,90
1779314472.953418970,353,3,200,1,321,91
1779314472.976522923,353,3,200,1,321,92
1779314472.999840975,353,3,200,1,321,93
1779314473.017405033,53,3,200,1,21,94
1779314473.023483038,353,3,200,1,321,95
1779314473.046875000,353,3,200,1,321,96
1779314473.069129944,353,3,200,1,321,97
1779314473.092859030,353,3,200,1,321,98
1779314473.115597963,353,3,200,1,321,99
1779314473.138154030,353,3,200,1,321,100
1779314473.161442041,933,3,200,1,901,101
1779314473.185239077,353,3,200,1,321,102
1779314473.208792925,353,3,200,1,321,103
1779314473.232137918,353,3,200,1,321,104
1779314473.255388975,353,3,200,1,321,105
1779314473.279577017,353,3,200,1,321,106
1779314473.303143024,353,3,200,1,321,107
1779314473.325510979,353,3,200,1,321,108
1779314473.347851992,353,3,200,1,321,109
1779314473.370563984,353,3,200,1,321,110
1779314473.394087076,353,3,200,1,321,111
1779314473.416954994,353,3,200,1,321,112
1779314473.440273046,353,3,200,1,321,113
1779314473.452353001,612,3,200,1,580,114
1779314473.464704990,353,3,200,1,321,115
1779314473.477909088,53,1,200,1,21,196
1779314473.487155914,353,3,200,1,321,116
1779314473.509625912,353,3,200,1,321,117
1779314473.533885956,353,3,200,1,321,118
1779314473.557220936,353,3,200,1,321,119
1779314473.580323935,353,3,200,1,321,120
1779314473.603212118,353,3,200,1,321,121
1779314473.626063108,353,3,200,1,321,122
1779314473.649174929,353,3,200,1,321,123
1779314473.672605038,353,3,200,1,321,124
1779314473.695975065,353,3,200,1,321,125
1779314473.719240904,353,3,200,1,321,126
1779314473.742551088,933,3,200,1,901,127
1779314473.766227961,353,3,200,1,321,128
1779314473.789911985,353,3,200,1,321,129
1779314473.813591957,353,3,200,1,321,130
1779314473.836998940,353,3,200,1,321,131
1779314473.860347986,353,3,200,1,321,132
1779314473.883285046,353,3,200,1,321,133
1779314473.905626059,353,3,200,1,321,134
1779314473.929636002,353,3,200,1,321,135
1779314473.952594042,353,3,200,1,321,136
1779314473.976988077,353,3,200,1,321,137
1779314474.000801086,353,3,200,1,321,138
1779314474.023618937,353,3,200,1,321,139
1779314474.036530972,612,3,200,1,580,140
1779314474.049372911,353,3,200,1,321,141
1779314474.072778940,353,3,200,1,321,142
1779314474.097343922,353,3,200,1,321,143
1779314474.119782925,353,3,200,1,321,144
1779314474.142750978,353,3,200,1,321,145
1779314474.165278912,353,3,200,1,321,146
1779314474.182996988,53,3,200,1,21,147
1779314474.188841105,353,3,200,1,321,148
1779314474.211746931,353,3,200,1,321,149
1779314474.234850883,353,3,200,1,321,150
1779314474.258085966,353,3,200,1,321,151
1779314474.280838013,353,3,200,1,321,152
1779314474.304022074,353,3,200,1,321,153
1779314474.327595949,933,3,200,1,901,154
1779314474.350641012,353,3,200,1,321,155
1779314474.373087883,353,3,200,1,321,156
1779314474.396152020,353,3,200,1,321,157
1779314474.419193029,353,3,200,1,321,158
1779314474.442570925,353,3,200,1,321,159
1779314474.465960026,353,3,200,1,321,160
1779314474.479581118,53,1,200,1,21,197
1779314474.490597010,353,3,200,1,321,161
1779314474.513273954,353,3,200,1,321,162
1779314474.537056923,353,3,200,1,321,163
1779314474.559823990,353,3,200,1,321,164
1779314474.584105015,353,3,200,1,321,165
1779314474.607433081,353,3,200,1,321,166
1779314474.619003057,612,3,200,1,580,167
1779314474.630779028,353,3,200,1,321,168
1779314474.653469086,353,3,200,1,321,169
1779314474.677587986,353,3,200,1,321,170
1779314474.700772047,353,3,200,1,321,171
1779314474.723824024,353,3,200,1,321,172
1779314474.748161077,353,3,200,1,321,173
1779314474.771593094,353,3,200,1,321,174
1779314474.795351982,353,3,200,1,321,175
1779314474.818084955,353,3,200,1,321,176
1779314474.841624022,353,3,200,1,321,177
1779314474.865411043,353,3,200,1,321,178
1779314474.889767885,353,3,200,1,321,179
1779314474.912836075,933,3,200,1,901,180
1779314474.935996056,353,3,200,1,321,181
1779314474.958712101,353,3,200,1,321,182
1779314474.981652021,353,3,200,1,321,183
1779314475.005173922,353,3,200,1,321,184
1779314475.028542042,353,3,200,1,321,185
1779314475.052831888,353,3,200,1,321,186
1779314475.076364040,353,3,200,1,321,187
1779314475.099368095,353,3,200,1,321,188
1779314475.122417927,353,3,200,1,321,189
1779314475.145858049,353,3,200,1,321,190
1779314475.168248892,353,3,200,1,321,191
1779314475.191481113,353,3,200,1,321,192
1779314475.203457117,612,3,200,1,580,193
1779314475.215138912,353,3,200,1,321,194
1779314475.237886906,353,3,200,1,321,195
1779314475.260910988,353,3,200,1,321,196
1779314475.284046888,353,3,200,1,321,197
1779314475.307811975,353,3,200,1,321,198
1779314475.330795050,353,3,200,1,321,199
1779314475.348709106,53,3,200,1,21,200
1779314475.354408026,353,3,200,1,321,201
1779314475.377127886,353,3,200,1,321,202
1779314475.400513887,353,3,200,1,321,203
1779314475.424310923,353,3,200,1,321,204
1779314475.448389053,353,3,200,1,321,205
1779314475.471769094,353,3,200,1,321,206
1779314475.485204935,53,1,200,1,21,198
1779314475.497174025,933,3,200,1,901,207
1779314475.519188881,353,3,200,1,321,208
1779314475.542098045,353,3,200,1,321,209
1779314475.564769983,353,3,200,1,321,210
1779314475.588042021,353,3,200,1,321,211
1779314475.612339020,353,3,200,1,321,212
1779314475.634922028,353,3,200,1,321,213
1779314475.657607079,353,3,200,1,321,214
1779314475.681040049,353,3,200,1,321,215
1779314475.704895020,353,3,200,1,321,216
1779314475.728343010,353,3,200,1,321,217
1779314475.751329899,353,3,200,1,321,218
1779314475.774157047,353,3,200,1,321,219
1779314475.786057949,612,3,200,1,580,220
1779314475.798269033,353,3,200,1,321,221
1779314475.820647955,353,3,200,1,321,222
1779314475.844142914,353,3,200,1,321,223
1779314475.868581057,353,3,200,1,321,224
1779314475.891844988,353,3,200,1,321,225
1779314475.915568113,353,3,200,1,321,226
1779314475.938472033,353,3,200,1,321,227
1779314475.961954117,353,3,200,1,321,228
1779314475.985121012,353,3,200,1,321,229
1779314476.008258104,353,3,200,1,321,230
1779314476.031673908,353,3,200,1,321,231
1779314476.054840088,353,3,200,1,321,232
1779314476.077811003,933,3,200,1,901,233
1779314476.102896929,353,3,200,1,321,234
1779314476.125914097,353,3,200,1,321,235
1779314476.148619890,353,3,200,1,321,236
1779314476.172158957,353,3,200,1,321,237
1779314476.195970058,353,3,200,1,321,238
1779314476.219043970,353,3,200,1,321,239
1779314476.242512941,353,3,200,1,321,240
1779314476.266027927,353,3,200,1,321,241
1779314476.289170027,353,3,200,1,321,242
1779314476.311887980,353,3,200,1,321,243
1779314476.335796118,353,3,200,1,321,244
1779314476.358926058,353,3,200,1,321,245
1779314476.370889902,612,3,200,1,580,246
1779314476.382637024,353,3,200,1,321,247
1779314476.404777050,353,3,200,1,321,248
1779314476.427818060,353,3,200,1,321,249
1779314476.450855970,353,3,200,1,321,250
1779314476.473946095,353,3,200,1,321,251
1779314476.486983061,53,1,200,1,21,199
1779314476.498282909,353,3,200,1,321,252
1779314476.515163898,53,3,200,1,21,253
1779314476.520853996,353,3,200,1,321,254
1779314476.544487953,353,3,200,1,321,255
1779314476.567389965,353,3,200,1,321,0
1779314476.589559078,353,3,200,1,321,1
1779314476.611816883,353,3,200,1,321,2
1779314476.634671926,353,3,200,1,321,3
1779314476.657461882,933,3,200,1,901,4
1779314476.682174921,353,3,200,1,321,5
1779314476.705193043,353,3,200,1,321,6
1779314476.727566004,353,3,200,1,321,7
1779314476.750346899,353,3,200,1,321,8
1779314476.773782969,353,3,200,1,321,9
1779314476.797117949,353,3,200,1,321,10
1779314476.820698977,353,3,200,1,321,11
1779314476.843381882,353,3,200,1,321,12
1779314476.866703987,353,3,200,1,321,13
1779314476.890985012,353,3,200,1,321,14
1779314476.914390087,353,3,200,1,321,15
1779314476.936943054,353,3,200,1,321,16
1779314476.949300051,612,3,200,1,580,17
1779314476.961236954,353,3,200,1,321,18
1779314476.983546972,353,3,200,1,321,19
1779314477.006563902,353,3,200,1,321,20
1779314477.030366898,353,3,200,1,321,21
1779314477.053260088,353,3,200,1,321,22
1779314477.076581955,353,3,200,1,321,23
1779314477.099788904,353,3,200,1,321,24
1779314477.122596025,353,3,200,1,321,25
1779314477.145801067,353,3,200,1,321,26
1779314477.169162035,353,3,200,1,321,27
1779314477.192434072,353,3,200,1,321,28
1779314477.215338945,353,3,200,1,321,29
1779314477.238338947,933,3,200,1,901,30
1779314477.262680054,353,3,200,1,321,31
1779314477.286324978,353,3,200,1,321,32
1779314477.308998108,353,3,200,1,321,33
1779314477.331646919,353,3,200,1,321,34
1779314477.355567932,353,3,200,1,321,35
1779314477.378535032,353,3,200,1,321,36
1779314477.401700974,353,3,200,1,321,37
1779314477.425209999,353,3,200,1,321,38
1779314477.448255062,353,3,200,1,321,39
1779314477.471273899,353,3,200,1,321,40
1779314477.495405912,53,1,200,1,21,200
1779314477.495647907,353,3,200,1,321,41
1779314477.518841028,353,3,200,1,321,42
1779314477.530600071,612,3,200,1,580,43
1779314477.543982983,353,3,200,1,321,44
1779314477.566708088,353,3,200,1,321,45
1779314477.589565992,353,3,200,1,321,46
1779314477.592679024,67,1,200,1,35,201
1779314477.613229990,353,3,200,1,321,47
1779314477.616621017,65,3,200,1,33,48
1779314477.636074066,353,3,200,1,321,49
1779314477.658180952,353,3,200,1,321,50
1779314477.675995111,53,3,200,1,21,51
1779314477.681777000,353,3,200,1,321,52
1779314477.705004930,353,3,200,1,321,53
1779314477.728153944,353,3,200,1,321,54
1779314477.751102924,353,3,200,1,321,55
1779314477.773981094,353,3,200,1,321,56
1779314477.798229933,353,3,200,1,321,57
1779314477.821666002,933,3,200,1,901,58
1779314477.845916986,353,3,200,1,321,59
1779314477.868603945,353,3,200,1,321,60
1779314477.891670942,353,3,200,1,321,61
1779314477.915162086,353,3,200,1,321,62
1779314477.938839912,353,3,200,1,321,63
1779314477.961446047,353,3,200,1,321,64
1779314477.985114098,353,3,200,1,321,65
1779314478.009287119,353,3,200,1,321,66
1779314478.033535957,353,3,200,1,321,67
1779314478.057080984,353,3,200,1,321,68
1779314478.080760002,353,3,200,1,321,69
1779314478.104201078,353,3,200,1,321,70
1779314478.116362095,612,3,200,1,580,71
1779314478.127887011,353,3,200,1,321,72
1779314478.150361061,353,3,200,1,321,73
1779314478.173727989,353,3,200,1,321,74
1779314478.197829962,353,3,200,1,321,75
1779314478.220861912,353,3,200,1,321,76
1779314478.243534088,353,3,200,1,321,77
1779314478.266875029,353,3,200,1,321,78
1779314478.291277885,353,3,200,1,321,79
1779314478.315119982,353,3,200,1,321,80
1779314478.337560892,353,3,200,1,321,81
1779314478.360871077,353,3,200,1,321,82
1779314478.383800983,353,3,200,1,321,83
1779314478.407160044,933,3,200,1,901,84
1779314478.430980921,353,3,200,1,321,85
1779314478.454402924,353,3,200,1,321,86
1779314478.477778912,353,3,200,1,321,87
1779314478.501835108,53,1,200,1,21,202
1779314478.502708912,353,3,200,1,321,88
1779314478.524993896,353,3,200,1,321,89
1779314478.549436092,353,3,200,1,321,90
1779314478.572681904,353,3,200,1,321,91
1779314478.596265078,353,3,200,1,321,92
1779314478.619227886,353,3,200,1,321,93
1779314478.642180920,353,3,200,1,321,94
1779314478.665180922,353,3,200,1,321,95
1779314478.688265085,353,3,200,1,321,96
1779314478.700737953,612,3,200,1,580,97
1779314478.712415934,353,3,200,1,321,98
1779314478.734891891,353,3,200,1,321,99
1779314478.758310080,353,3,200,1,321,100
1779314478.781200886,353,3,200,1,321,101
1779314478.804835081,353,3,200,1,321,102
1779314478.828474998,353,3,200,1,321,103
1779314478.845814943,53,3,200,1,21,104
1779314478.851716995,353,3,200,1,321,105
1779314478.874718904,353,3,200,1,321,106
1779314478.897850990,353,3,200,1,321,107
1779314478.921483040,353,3,200,1,321,108
1779314478.944421053,353,3,200,1,321,109
1779314478.967493057,353,3,200,1,321,110
1779314478.990652084,933,3,200,1,901,111
1779314479.014355898,353,3,200,1,321,112
1779314479.037611008,353,3,200,1,321,113
1779314479.060838938,353,3,200,1,321,114
1779314479.083859921,353,3,200,1,321,115
1779314479.107523918,353,3,200,1,321,116
1779314479.131036043,353,3,200,1,321,117
1779314479.153836012,353,3,200,1,321,118
1779314479.177757025,353,3,200,1,321,119
1779314479.202084064,353,3,200,1,321,120
1779314479.225606918,353,3,200,1,321,121
1779314479.248708010,353,3,200,1,321,122
1779314479.271953106,353,3,200,1,321,123
1779314479.283891916,612,3,200,1,580,124
1779314479.296272039,353,3,200,1,321,125
1779314479.318769932,353,3,200,1,321,126
1779314479.342088938,353,3,200,1,321,127
1779314479.364734888,353,3,200,1,321,128
1779314479.388709068,353,3,200,1,321,129
1779314479.411948919,353,3,200,1,321,130
1779314479.435306072,353,3,200,1,321,131
1779314479.458628893,353,3,200,1,321,132
1779314479.481569052,353,3,200,1,321,133
1779314479.505486965,53,1,200,1,21,203
1779314479.505505085,353,3,200,1,321,134
1779314479.528182983,353,3,200,1,321,135
1779314479.551609993,353,3,200,1,321,136
1779314479.574172974,933,3,200,1,901,137
1779314479.598182917,353,3,200,1,321,138
1779314479.621228933,353,3,200,1,321,139
1779314479.644439936,353,3,200,1,321,140
1779314479.668001890,353,3,200,1,321,141
1779314479.691452026,353,3,200,1,321,142
1779314479.714764118,353,3,200,1,321,143
1779314479.737627983,353,3,200,1,321,144
1779314479.760951042,353,3,200,1,321,145
1779314479.784569025,353,3,200,1,321,146
1779314479.808254004,353,3,200,1,321,147
1779314479.830832958,353,3,200,1,321,148
1779314479.853929043,353,3,200,1,321,149
1779314479.865907907,612,3,200,1,580,150
1779314479.878216982,353,3,200,1,321,151
1779314479.901227951,353,3,200,1,321,152
1779314479.923959970,353,3,200,1,321,153
1779314479.946908951,353,3,200,1,321,154
1779314479.970179081,353,3,200,1,321,155
1779314479.993289948,353,3,200,1,321,156
1779314480.010469913,53,3,200,1,21,157
1779314480.016494989,353,3,200,1,321,158
1779314480.039486885,353,3,200,1,321,159
1779314480.062788963,353,3,200,1,321,160
1779314480.086128950,353,3,200,1,321,161
1779314480.111512899,353,3,200,1,321,162
1779314480.134967089,353,3,200,1,321,163
1779314480.158132076,933,3,200,1,901,164
1779314480.181993008,353,3,200,1,321,165
1779314480.205239058,353,3,200,1,321,166
1779314480.228272915,353,3,200,1,321,167
1779314480.253050089,353,3,200,1,321,168
1779314480.278173923,353,3,200,1,321,169
1779314480.301038027,353,3,200,1,321,170
1779314480.324671984,353,3,200,1,321,171
1779314480.348419905,353,3,200,1,321,172
1779314480.371001959,353,3,200,1,321,173
1779314480.394957066,353,3,200,1,321,174
1779314480.418776035,353,3,200,1,321,175
1779314480.441236973,353,3,200,1,321,176
1779314480.452935934,612,3,200,1,580,177
1779314480.464984894,353,3,200,1,321,178
1779314480.488152027,353,3,200,1,321,179
1779314480.511626959,53,1,200,1,21,204
1779314480.511626959,353,3,200,1,321,180
1779314480.534638882,353,3,200,1,321,181
1779314480.557439089,353,3,200,1,321,182
1779314480.580894947,353,3,200,1,321,183
1779314480.603988886,353,3,200,1,321,184
1779314480.627135038,353,3,200,1,321,185
1779314480.651006937,353,3,200,1,321,186
1779314480.674781084,353,3,200,1,321,187
1779314480.698518038,353,3,200,1,321,188
1779314480.722316027,353,3,200,1,321,189
1779314480.745934963,933,3,200,1,901,190
1779314480.768876076,353,3,200,1,321,191
1779314480.791659117,353,3,200,1,321,192
1779314480.815133095,353,3,200,1,321,193
1779314480.837735891,353,3,200,1,321,194
1779314480.861326933,353,3,200,1,321,195
1779314480.884506941,353,3,200,1,321,196
1779314480.908205986,353,3,200,1,321,197
1779314480.930955887,353,3,200,1,321,198
1779314480.953556061,353,3,200,1,321,199
1779314480.976443052,353,3,200,1,321,200
1779314481.000674963,353,3,200,1,321,201
1779314481.024626970,353,3,200,1,321,202
1779314481.036963940,612,3,200,1,580,203
1779314481.049253941,353,3,200,1,321,204
1779314481.072144985,353,3,200,1,321,205
1779314481.095890999,353,3,200,1,321,206
1779314481.118855953,353,3,200,1,321,207
1779314481.142664909,353,3,200,1,321,208
1779314481.166264057,353,3,200,1,321,209
1779314481.184494019,53,3,200,1,21,210
1779314481.190761089,353,3,200,1,321,211
1779314481.213820934,353,3,200,1,321,212
1779314481.238487959,353,3,200,1,321,213
1779314481.261811018,353,3,200,1,321,214
1779314481.285825014,353,3,200,1,321,215
1779314481.309794903,353,3,200,1,321,216
1779314481.332834959,933,3,200,1,901,217
1779314481.356213093,353,3,200,1,321,218
1779314481.379529953,353,3,200,1,321,219
1779314481.403513908,353,3,200,1,321,220
1779314481.427372932,353,3,200,1,321,221
1779314481.451203108,353,3,200,1,321,222
1779314481.474926949,353,3,200,1,321,223
1779314481.498902082,353,3,200,1,321,224
1779314481.512398958,53,1,200,1,21,205
1779314481.522053003,353,3,200,1,321,225
1779314481.545028925,353,3,200,1,321,226
1779314481.568316936,353,3,200,1,321,227
1779314481.591759920,353,3,200,1,321,228
1779314481.614779949,353,3,200,1,321,229
1779314481.626748085,612,3,200,1,580,230
1779314481.638772964,353,3,200,1,321,231
1779314481.662584066,353,3,200,1,321,232
1779314481.685365915,353,3,200,1,321,233
1779314481.709465027,353,3,200,1,321,234
1779314481.732398987,353,3,200,1,321,235
1779314481.755706072,353,3,200,1,321,236
1779314481.778556108,353,3,200,1,321,237
1779314481.801419973,353,3,200,1,321,238
1779314481.824462891,353,3,200,1,321,239
1779314481.847007990,353,3,200,1,321,240
1779314481.870578051,353,3,200,1,321,241
1779314481.893904924,353,3,200,1,321,242
1779314481.917126894,933,3,200,1,901,243
1779314481.933767080,50,1,200,1,18,206
1779314481.941097021,353,3,200,1,321,244
1779314482.206063032,893,3,200,1,861,245
1779314482.348850012,53,3,200,1,21,246
1779314482.490787983,933,3,200,1,901,247
1779314482.518387079,53,1,200,1,21,207
1779314482.777219057,933,3,200,1,901,248
1779314482.784100056,67,1,200,1,35,208
1779314482.787885904,65,3,200,1,33,249
1779314483.058010101,933,3,200,1,901,250
1779314483.339710951,933,3,200,1,901,251
1779314483.478707075,53,3,200,1,21,252
1779314483.484471083,58,3,200,1,26,253
1779314483.525999069,53,1,200,1,21,209
1779314483.619313955,933,3,200,1,901,254
1779314483.905242920,933,3,200,1,901,255
1779314484.187242031,933,3,200,1,901,0
1779314484.474677086,933,3,200,1,901,1
1779314484.532655954,53,1,200,1,21,210
1779314484.616507053,53,3,200,1,21,2
1779314484.758493900,933,3,200,1,901,3
1779314485.041250944,933,3,200,1,901,4
1779314485.324618101,933,3,200,1,901,5
1779314485.537015915,53,1,200,1,21,211
1779314485.612308979,933,3,200,1,901,6
1779314485.752681017,53,3,200,1,21,7
1779314485.896326065,933,3,200,1,901,8
1779314486.178316116,933,3,200,1,901,9
1779314486.463485003,933,3,200,1,901,10
1779314486.542872906,53,1,200,1,21,212
1779314486.747647047,933,3,200,1,901,11
1779314486.889754057,53,3,200,1,21,12
1779314487.028664112,933,3,200,1,901,13
1779314487.310360909,933,3,200,1,901,14
1779314487.543183088,53,1,200,1,21,213
1779314487.595624924,933,3,200,1,901,15
1779314487.725819111,69,3,200,1,37,16
1779314487.726892948,67,1,200,1,35,214
1779314487.728651047,65,3,200,1,33,17
1779314487.879511118,933,3,200,1,901,18
1779314488.023480892,53,3,200,1,21,19
1779314488.164273977,933,3,200,1,901,20
1779314488.445616961,933,3,200,1,901,21
1779314488.546226025,53,1,200,1,21,215
1779314488.728580952,933,3,200,1,901,22
1779314489.011801004,933,3,200,1,901,23
1779314489.153697968,53,3,200,1,21,24
1779314489.296281099,933,3,200,1,901,25
1779314489.548089981,53,1,200,1,21,216
1779314489.583650112,933,3,200,1,901,26
1779314489.869965076,933,3,200,1,901,27
1779314490.155441046,933,3,200,1,901,28
1779314490.294967890,53,3,200,1,21,29
1779314490.438383102,933,3,200,1,901,30
1779314490.558034897,53,1,200,1,21,217
1779314490.723138094,933,3,200,1,901,31
1779314491.005140066,933,3,200,1,901,32
1779314491.285940886,933,3,200,1,901,33
1779314491.426420927,53,3,200,1,21,34
1779314491.559767008,53,1,200,1,21,218
1779314491.566613913,933,3,200,1,901,35
1779314491.850156069,933,3,200,1,901,36
1779314492.133881092,933,3,200,1,901,37
1779314492.416898012,933,3,200,1,901,38
1779314492.559216976,53,3,200,1,21,39
1779314492.559858084,53,1,200,1,21,219
1779314492.700021982,933,3,200,1,901,40
1779314492.985888004,933,3,200,1,901,41
1779314492.994471073,67,1,200,1,35,220
1779314492.997657061,65,3,200,1,33,42
1779314493.271235943,933,3,200,1,901,43
1779314493.555811882,933,3,200,1,901,44
1779314493.563910007,53,1,200,1,21,221
1779314493.700563908,53,3,200,1,21,45
1779314493.843172073,933,3,200,1,901,46
1779314494.123922110,933,3,200,1,901,47
1779314494.407651901,933,3,200,1,901,48
1779314494.569056988,53,1,200,1,21,222
1779314494.695796967,933,3,200,1,901,49
1779314494.836779118,53,3,200,1,21,50
1779314494.842912912,58,3,200,1,26,51
1779314494.978857040,933,3,200,1,901,52
1779314495.262589931,933,3,200,1,901,53
1779314495.547250986,933,3,200,1,901,54
1779314495.574681997,53,1,200,1,21,223
1779314495.618629932,67,3,200,1,35,55
1779314495.624434948,67,3,200,1,35,56
1779314495.834085941,933,3,200,1,901,57
1779314495.974598885,53,3,200,1,21,58
1779314496.115034103,933,3,200,1,901,59
1779314496.399415016,933,3,200,1,901,60
1779314496.580163956,53,1,200,1,21,224
1779314496.684006929,933,3,200,1,901,61
1779314496.934993029,50,1,200,1,18,225
1779314496.964490891,933,3,200,1,901,62
1779314497.103111982,53,3,200,1,21,63
1779314497.244992018,933,3,200,1,901,64
1779314497.525799036,933,3,200,1,901,65
1779314497.585704088,53,1,200,1,21,226
1779314497.814049006,933,3,200,1,901,66
1779314498.097464085,933,3,200,1,901,67
1779314498.106663942,67,1,200,1,35,227
1779314498.109467983,65,3,200,1,33,68
1779314498.243750095,53,3,200,1,21,69
1779314498.385654926,933,3,200,1,901,70
1779314498.588141918,53,1,200,1,21,228
1779314498.673962116,933,3,200,1,901,71
1779314498.953068972,933,3,200,1,901,72
1779314499.235140085,933,3,200,1,901,73
1779314499.378933907,53,3,200,1,21,74
1779314499.518829107,933,3,200,1,901,75
1779314499.597745895,53,1,200,1,21,229
1779314499.805855036,933,3,200,1,901,76
1779314500.085359097,933,3,200,1,901,77
1779314500.371953964,933,3,200,1,901,78
1779314500.511696100,53,3,200,1,21,79
1779314500.604450941,53,1,200,1,21,230
1779314500.655271053,933,3,200,1,901,80
1779314500.940069914,933,3,200,1,901,81
1779314501.219963074,933,3,200,1,901,82
1779314501.503590107,933,3,200,1,901,83
1779314501.614149094,53,1,200,1,21,231
1779314501.646668911,53,3,200,1,21,84
1779314501.788126945,933,3,200,1,901,85
1779314502.070812941,933,3,200,1,901,86
1779314502.353111029,933,3,200,1,901,87
1779314502.616009951,53,1,200,1,21,232
1779314502.635324955,933,3,200,1,901,88
1779314502.779787064,53,3,200,1,21,89
1779314502.923223972,933,3,200,1,901,90
1779314503.206281900,933,3,200,1,901,91
1779314503.213975906,47,1,200,1,15,233
1779314503.216742992,47,3,200,1,15,92
1779314503.255032063,81,1,200,1,49,234
1779314503.261079073,47,3,200,1,15,93
1779314503.296169043,81,1,200,1,49,235
1779314503.303889990,47,3,200,1,15,94
1779314503.336988926,81,1,200,1,49,236
1779314503.347805977,47,3,200,1,15,95
1779314503.378371000,81,1,200,1,49,237
1779314503.393649101,47,3,200,1,15,96
1779314503.420193911,81,1,200,1,49,238
1779314503.439126968,47,3,200,1,15,97
1779314503.462050915,81,1,200,1,49,239
1779314503.482994080,47,3,200,1,15,98
1779314503.503249884,81,1,200,1,49,240
1779314503.524878025,979,3,200,1,947,99
1779314503.551918983,50,1,200,1,18,241
1779314503.553493023,75,1,200,1,43,242
1779314503.567352057,198,3,200,1,166,100
1779314503.596352100,75,1,200,1,43,243
1779314503.611027002,53,3,200,1,21,101
1779314503.617475033,53,1,200,1,21,244
1779314503.782334089,933,3,200,1,901,102
1779314503.921966076,53,3,200,1,21,103
1779314504.065427065,933,3,200,1,901,104
1779314504.349134922,933,3,200,1,901,105
1779314504.623703003,53,1,200,1,21,245
1779314504.633490086,933,3,200,1,901,106
1779314504.920897007,933,3,200,1,901,107
1779314505.064723969,53,3,200,1,21,108
1779314505.204226971,933,3,200,1,901,109
1779314505.491852045,933,3,200,1,901,110
1779314505.632597923,53,1,200,1,21,246
1779314505.779592037,933,3,200,1,901,111
1779314506.062952042,933,3,200,1,901,112
1779314506.201368093,53,3,200,1,21,113
1779314506.209470987,58,3,200,1,26,114
1779314506.344701052,933,3,200,1,901,115
1779314506.637681007,935,3,200,1,903,116
1779314506.645232916,53,1,200,1,21,247
1779314506.931515932,935,3,200,1,903,117
1779314507.221456051,935,3,200,1,903,118
1779314507.346517086,53,3,200,1,21,119
1779314507.471597910,935,3,200,1,903,120
1779314507.651367903,53,1,200,1,21,248
1779314507.721507072,935,3,200,1,903,121
1779314507.971497059,935,3,200,1,903,122
1779314508.221510887,935,3,200,1,903,123
1779314508.346564054,53,3,200,1,21,124
1779314508.471456051,935,3,200,1,903,125
1779314508.652487040,53,1,200,1,21,249
1779314508.721559048,935,3,200,1,903,126
1779314508.971446037,935,3,200,1,903,127
1779314509.221549034,935,3,200,1,903,128
1779314509.346563101,53,3,200,1,21,129
1779314509.472517967,935,3,200,1,903,130
1779314509.628549099,92,3,200,1,60,131
1779314509.630577087,92,3,200,1,60,132
1779314509.661760092,53,1,200,1,21,250
1779314509.723493099,935,3,200,1,903,133
1779314509.973551989,935,3,200,1,903,134
1779314510.223594904,935,3,200,1,903,135
1779314510.348588943,53,3,200,1,21,136
1779314510.473592997,935,3,200,1,903,137
1779314510.664129972,53,1,200,1,21,251
1779314510.723546982,935,3,200,1,903,138
1779314510.973557949,935,3,200,1,903,139
1779314511.223558903,935,3,200,1,903,140
1779314511.348623991,53,3,200,1,21,141
1779314511.473510027,935,3,200,1,903,142
1779314511.673911095,53,1,200,1,21,252
1779314511.723656893,935,3,200,1,903,143
1779314511.935714960,50,1,200,1,18,253
1779314511.973539114,935,3,200,1,903,144
1779314512.223678112,935,3,200,1,903,145
1779314512.348630905,53,3,200,1,21,146
1779314512.473588943,935,3,200,1,903,147
1779314512.674043894,53,1,200,1,21,254
1779314512.723519087,935,3,200,1,903,148
1779314512.973515987,935,3,200,1,903,149
1779314513.223629951,935,3,200,1,903,150
1779314513.348583937,53,3,200,1,21,151
1779314513.473522902,935,3,200,1,903,152
1779314513.674715996,53,1,200,1,21,255
1779314513.723572969,935,3,200,1,903,153
1779314513.974571943,935,3,200,1,903,154
1779314514.224534035,935,3,200,1,903,155
1779314514.349509001,53,3,200,1,21,156
1779314514.474493980,935,3,200,1,903,157
1779314514.675110102,53,1,200,1,21,0
1779314514.724574089,935,3,200,1,903,158
1779314514.731837988,50,1,200,1,18,1
1779314514.734496117,53,3,200,1,21,159
1779314514.736470938,63,3,200,1,31,160
1779314514.974572897,938,3,200,1,906,161
1779314515.224600077,938,3,200,1,906,162
1779314515.349512100,53,3,200,1,21,163
1779314515.474559069,938,3,200,1,906,164
1779314515.511513948,71,3,200,1,39,165
1779314515.676171064,53,1,200,1,21,2
1779314515.724478960,1002,3,200,1,970,166
1779314515.974509001,1002,3,200,1,970,167
1779314516.224558115,1002,3,200,1,970,168
1779314516.349559069,53,3,200,1,21,169
1779314516.357501030,58,3,200,1,26,170
1779314516.474525928,1002,3,200,1,970,171
1779314516.685173988,53,1,200,1,21,3
1779314516.724571943,1002,3,200,1,970,172
1779314516.974601984,1002,3,200,1,970,173
1779314517.224550009,1002,3,200,1,970,174
1779314517.349575996,53,3,200,1,21,175
1779314517.474500895,1002,3,200,1,970,176
1779314517.685800076,53,1,200,1,21,4
1779314517.724612951,1002,3,200,1,970,177
1779314517.974646091,1002,3,200,1,970,178
1779314518.224549055,1002,3,200,1,970,179
1779314518.350619078,53,3,200,1,21,180
1779314518.475552082,1002,3,200,1,970,181
1779314518.686379910,53,1,200,1,21,5
1779314518.725511074,1002,3,200,1,970,182
1779314518.975616932,1002,3,200,1,970,183
1779314519.225591898,1002,3,200,1,970,184
1779314519.350503922,53,3,200,1,21,185
1779314519.475527048,1002,3,200,1,970,186
1779314519.686721087,53,1,200,1,21,6
1779314519.725522041,1002,3,200,1,970,187
1779314519.975533009,1002,3,200,1,970,188
1779314520.225644112,1002,3,200,1,970,189
1779314520.350555897,53,3,200,1,21,190
1779314520.475560904,1002,3,200,1,970,191
1779314520.686856985,53,1,200,1,21,7
1779314520.725508928,1002,3,200,1,970,192
1779314520.975486040,1002,3,200,1,970,193
1779314521.088556051,180,3,200,1,148,194
1779314521.225683928,1002,3,200,1,970,195
1779314521.350553989,53,3,200,1,21,196
1779314521.475507975,1002,3,200,1,970,197
1779314521.687266111,53,1,200,1,21,8
1779314521.725539923,1002,3,200,1,970,198
1779314521.975579977,1002,3,200,1,970,199
1779314522.225490093,1002,3,200,1,970,200
1779314522.350610971,53,3,200,1,21,201
1779314522.475550890,1002,3,200,1,970,202
1779314522.696839094,53,1,200,1,21,9
1779314522.725569963,1002,3,200,1,970,203
1779314522.976541042,1002,3,200,1,970,204
1779314523.226516962,1002,3,200,1,970,205
1779314523.351551056,53,3,200,1,21,206
1779314523.476535082,1002,3,200,1,970,207
1779314523.697681904,53,1,200,1,21,10
1779314523.726548910,1002,3,200,1,970,208
1779314523.976639986,1002,3,200,1,970,209
1779314524.226533890,1002,3,200,1,970,210
1779314524.351588011,53,3,200,1,21,211
1779314524.476569891,1002,3,200,1,970,212
1779314524.698755980,53,1,200,1,21,11
1779314524.726507902,1002,3,200,1,970,213
1779314524.976608038,1002,3,200,1,970,214
1779314525.226663113,1002,3,200,1,970,215
1779314525.351528883,53,3,200,1,21,216
1779314525.476582050,1002,3,200,1,970,217
1779314525.708363056,53,1,200,1,21,12
1779314525.726582050,1002,3,200,1,970,218
1779314525.976597071,1002,3,200,1,970,219
1779314526.226547956,1002,3,200,1,970,220
1779314526.351552963,53,3,200,1,21,221
1779314526.361534119,58,3,200,1,26,222
1779314526.476556063,1002,3,200,1,970,223
1779314526.717798948,53,1,200,1,21,13
1779314526.726490974,1002,3,200,1,970,224
1779314526.937377930,50,1,200,1,18,14
1779314526.976613045,1002,3,200,1,970,225
1779314527.226614952,1002,3,200,1,970,226
1779314527.352540016,53,3,200,1,21,227
1779314527.477514982,1002,3,200,1,970,228
1779314527.720335007,53,1,200,1,21,15
1779314527.727511883,1002,3,200,1,970,229
1779314527.787563086,102,3,200,1,70,230
1779314527.977649927,1002,3,200,1,970,231
1779314528.227551937,1002,3,200,1,970,232
1779314528.352588892,53,3,200,1,21,233
1779314528.477638006,1002,3,200,1,970,234
1779314528.727498055,1002,3,200,1,970,235
1779314528.735764027,53,1,200,1,21,16
1779314528.977570057,1002,3,200,1,970,236
1779314529.227597952,1002,3,200,1,970,237
1779314529.352546930,53,3,200,1,21,238
1779314529.477597952,1002,3,200,1,970,239
1779314529.727497101,1002,3,200,1,970,240
1779314529.745640993,53,1,200,1,21,17
1779314529.977513075,1002,3,200,1,970,241
1779314530.227569103,1002,3,200,1,970,242
1779314530.352582932,53,3,200,1,21,243
1779314530.477590084,1002,3,200,1,970,244
1779314530.727526903,1002,3,200,1,970,245
1779314530.745769024,53,1,200,1,21,18
1779314530.977575064,1002,3,200,1,970,246
1779314531.227677107,1002,3,200,1,970,247
1779314531.352718115,53,3,200,1,21,248
1779314531.477596998,1002,3,200,1,970,249
1779314531.727592945,1002,3,200,1,970,250
1779314531.755381107,53,1,200,1,21,19
1779314531.978591919,1002,3,200,1,970,251
1779314532.228569984,1002,3,200,1,970,252
1779314532.353617907,53,3,200,1,21,253
1779314532.478549957,1002,3,200,1,970,254
1779314532.728538990,1002,3,200,1,970,255
1779314532.756493092,53,1,200,1,21,20
1779314532.978491068,1002,3,200,1,970,0
1779314533.228566885,1002,3,200,1,970,1
1779314533.353514910,53,3,200,1,21,2
1779314533.478584051,1002,3,200,1,970,3
1779314533.728523016,1002,3,200,1,970,4
1779314533.757762909,53,1,200,1,21,21
1779314533.978578091,1002,3,200,1,970,5
1779314534.228569984,1002,3,200,1,970,6
1779314534.353591919,53,3,200,1,21,7
1779314534.478601933,1002,3,200,1,970,8
1779314534.728553057,1002,3,200,1,970,9
1779314534.767424107,53,1,200,1,21,22
1779314534.978540897,1002,3,200,1,970,10
1779314535.228497982,1002,3,200,1,970,11
1779314535.353526115,53,3,200,1,21,12
1779314535.478539944,1002,3,200,1,970,13
1779314535.728517056,1002,3,200,1,970,14
1779314535.777245045,53,1,200,1,21,23
1779314535.978555918,1002,3,200,1,970,15
1779314536.229568958,1002,3,200,1,970,16
1779314536.354582071,53,3,200,1,21,17
1779314536.364602089,58,3,200,1,26,18
1779314536.479557991,1002,3,200,1,970,19
1779314536.729469061,1002,3,200,1,970,20
1779314536.777734995,53,1,200,1,21,24
1779314536.979569912,1002,3,200,1,970,21
1779314537.229516983,1002,3,200,1,970,22
1779314537.354721069,53,3,200,1,21,23
1779314537.479546070,1002,3,200,1,970,24
1779314537.729540110,1002,3,200,1,970,25
1779314537.778026104,53,1,200,1,21,25
1779314537.979551077,1002,3,200,1,970,26
1779314538.229617119,1002,3,200,1,970,27
1779314538.354554892,53,3,200,1,21,28
1779314538.479557991,1002,3,200,1,970,29
1779314538.729594946,1002,3,200,1,970,30
1779314538.778110981,53,1,200,1,21,26
1779314538.979513884,1002,3,200,1,970,31
1779314539.229547977,1002,3,200,1,970,32
1779314539.354536057,53,3,200,1,21,33
1779314539.479568005,1002,3,200,1,970,34
1779314539.729588032,1002,3,200,1,970,35
1779314539.778672934,53,1,200,1,21,27
1779314539.979573965,1002,3,200,1,970,36
1779314540.229496002,1002,3,200,1,970,37
1779314540.354588985,53,3,200,1,21,38
1779314540.394612074,102,3,200,1,70,39
1779314540.479525089,1002,3,200,1,970,40
1779314540.730521917,1002,3,200,1,970,41
1779314540.788822889,53,1,200,1,21,28
1779314540.980570078,1002,3,200,1,970,42
1779314541.230577946,1002,3,200,1,970,43
1779314541.355551958,53,3,200,1,21,44
1779314541.480524063,1002,3,200,1,970,45
1779314541.730484962,1002,3,200,1,970,46
1779314541.788902044,53,1,200,1,21,29
1779314541.942564964,50,1,200,1,18,30
1779314541.980484009,1002,3,200,1,970,47
1779314542.230545044,1002,3,200,1,970,48
1779314542.355484962,53,3,200,1,21,49
1779314542.480554104,1002,3,200,1,970,50
1779314542.730550051,1002,3,200,1,970,51
1779314542.788947105,53,1,200,1,21,31
1779314542.980554104,1002,3,200,1,970,52
1779314543.230549097,1002,3,200,1,970,53
1779314543.355657101,53,3,200,1,21,54
1779314543.480628014,1002,3,200,1,970,55
1779314543.730633020,1002,3,200,1,970,56
1779314543.789175987,53,1,200,1,21,32
1779314543.980638027,1002,3,200,1,970,57
1779314544.230566025,1002,3,200,1,970,58
1779314544.355592966,53,3,200,1,21,59
1779314544.480595112,1002,3,200,1,970,60
1779314544.730623007,1002,3,200,1,970,61
1779314544.789879084,53,1,200,1,21,33
1779314544.980489969,1002,3,200,1,970,62
1779314545.231581926,1002,3,200,1,970,63
1779314545.356584072,53,3,200,1,21,64
1779314545.481487036,1002,3,200,1,970,65
1779314545.731550932,1002,3,200,1,970,66
1779314545.790913105,53,1,200,1,21,34
1779314545.981615067,1002,3,200,1,970,67
1779314546.231543064,1002,3,200,1,970,68
1779314546.356576920,53,3,200,1,21,69
1779314546.368597984,58,3,200,1,26,70
1779314546.481502056,1002,3,200,1,970,71
1779314546.731473923,1002,3,200,1,970,72
1779314546.800756931,53,1,200,1,21,35
1779314546.981590033,1002,3,200,1,970,73
1779314547.231646061,1002,3,200,1,970,74
1779314547.356543064,53,3,200,1,21,75
1779314547.481621981,1002,3,200,1,970,76
1779314547.731556892,1002,3,200,1,970,77
1779314547.810509920,53,1,200,1,21,36
1779314547.981750011,1002,3,200,1,970,78
1779314548.231498957,1002,3,200,1,970,79
1779314548.356616020,53,3,200,1,21,80
1779314548.481544018,1002,3,200,1,970,81
1779314548.731554985,1002,3,200,1,970,82
1779314548.820413113,53,1,200,1,21,37
1779314548.981820107,1002,3,200,1,970,83
1779314549.231560946,1002,3,200,1,970,84
1779314549.356646061,53,3,200,1,21,85
1779314549.481710911,1002,3,200,1,970,86
1779314549.732544899,1002,3,200,1,970,87
1779314549.822041035,53,1,200,1,21,38
1779314549.982589960,1002,3,200,1,970,88
1779314550.232564926,1002,3,200,1,970,89
1779314550.357485056,53,3,200,1,21,90
1779314550.482601881,1002,3,200,1,970,91
1779314550.733656883,1002,3,200,1,970,92
1779314550.831928968,53,1,200,1,21,39
1779314550.983654976,1002,3,200,1,970,93
1779314551.233654022,1002,3,200,1,970,94
1779314551.358692884,53,3,200,1,21,95
1779314551.483661890,1002,3,200,1,970,96
1779314551.733834982,1002,3,200,1,970,97
1779314551.833755016,53,1,200,1,21,40
1779314551.983674049,1002,3,200,1,970,98
1779314552.096739054,143,3,200,1,111,99
1779314552.233642101,1002,3,200,1,970,100
1779314552.358632088,53,3,200,1,21,101
1779314552.483602047,1002,3,200,1,970,102
1779314552.733664989,1002,3,200,1,970,103
1779314552.821717978,102,3,200,1,70,104
1779314552.834017038,53,1,200,1,21,41
1779314552.983768940,1002,3,200,1,970,105
1779314553.233666897,1002,3,200,1,970,106
1779314553.358592033,53,3,200,1,21,107
1779314553.483567953,1002,3,200,1,970,108
1779314553.733706951,1002,3,200,1,970,109
1779314553.834115028,53,1,200,1,21,42
1779314553.983630896,1002,3,200,1,970,110
1779314554.234627008,1002,3,200,1,970,111
1779314554.359658957,53,3,200,1,21,112
1779314554.484652042,1002,3,200,1,970,113
1779314554.734709978,1002,3,200,1,970,114
1779314554.834786892,53,1,200,1,21,43
1779314554.984611034,1002,3,200,1,970,115
1779314555.234597921,1002,3,200,1,970,116
1779314555.359886885,53,3,200,1,21,117
1779314555.484692097,1002,3,200,1,970,118
1779314555.734570026,1002,3,200,1,970,119
1779314555.844439983,53,1,200,1,21,44
1779314555.984707117,1002,3,200,1,970,120
1779314556.234675884,1002,3,200,1,970,121
1779314556.359570980,53,3,200,1,21,122
1779314556.372615099,58,3,200,1,26,123
1779314556.484599113,1002,3,200,1,970,124
1779314556.734664917,1002,3,200,1,970,125
1779314556.854593039,53,1,200,1,21,45
1779314556.947117090,50,1,200,1,18,46
1779314556.984663010,1002,3,200,1,970,126
1779314557.234694958,1002,3,200,1,970,127
1779314557.359605074,53,3,200,1,21,128
1779314557.484647989,1002,3,200,1,970,129
1779314557.734632015,1002,3,200,1,970,130
1779314557.854850054,53,1,200,1,21,47
1779314557.984703064,1002,3,200,1,970,131
1779314558.234607935,1002,3,200,1,970,132
1779314558.359564066,53,3,200,1,21,133
1779314558.484738111,1002,3,200,1,970,134
1779314558.735661030,1002,3,200,1,970,135
1779314558.856112003,53,1,200,1,21,48
1779314558.985584974,1002,3,200,1,970,136
1779314559.235599995,1002,3,200,1,970,137
1779314559.360596895,53,3,200,1,21,138
1779314559.485635996,1002,3,200,1,970,139
1779314559.735599995,1002,3,200,1,970,140
1779314559.865333080,53,1,200,1,21,49
1779314559.985595942,1002,3,200,1,970,141
1779314560.235601902,1002,3,200,1,970,142
1779314560.360579014,53,3,200,1,21,143
1779314560.485578060,1002,3,200,1,970,144
1779314560.735553980,1002,3,200,1,970,145
1779314560.865746021,53,1,200,1,21,50
1779314560.985627890,1002,3,200,1,970,146
1779314561.235666037,1002,3,200,1,970,147
1779314561.360625029,53,3,200,1,21,148
1779314561.485763073,1002,3,200,1,970,149
1779314561.735591888,1002,3,200,1,970,150
1779314561.866488934,53,1,200,1,21,51
1779314561.985631943,1002,3,200,1,970,151
1779314562.235673904,1002,3,200,1,970,152
1779314562.360661030,53,3,200,1,21,153
1779314562.485627890,1002,3,200,1,970,154
1779314562.735661030,1002,3,200,1,970,155
1779314562.875981092,53,1,200,1,21,52
1779314562.985630989,1002,3,200,1,970,156
1779314563.236664057,1002,3,200,1,970,157
1779314563.361634016,53,3,200,1,21,158
1779314563.486588955,1002,3,200,1,970,159
1779314563.736660957,1002,3,200,1,970,160
1779314563.878057003,53,1,200,1,21,53
1779314563.986553907,1002,3,200,1,970,161
1779314564.236661911,1002,3,200,1,970,162
1779314564.361697912,53,3,200,1,21,163
1779314564.486670971,1002,3,200,1,970,164
1779314564.736618996,1002,3,200,1,970,165
1779314564.887958050,53,1,200,1,21,54
1779314564.986566067,1002,3,200,1,970,166
1779314565.236613989,1002,3,200,1,970,167
1779314565.361716986,53,3,200,1,21,168
1779314565.486649036,1002,3,200,1,970,169
1779314565.736593962,1000,3,200,1,968,170
1779314565.897505045,53,1,200,1,21,55
1779314565.986660004,1000,3,200,1,968,171
1779314566.236655951,1000,3,200,1,968,172
1779314566.361670017,53,3,200,1,21,173
1779314566.376571894,58,3,200,1,26,174
1779314566.486685991,1000,3,200,1,968,175
1779314566.736706018,1000,3,200,1,968,176
1779314566.897655964,53,1,200,1,21,56
1779314566.986640930,1000,3,200,1,968,177
1779314567.236671925,1000,3,200,1,968,178
1779314567.361840963,53,3,200,1,21,179
1779314567.487565994,1000,3,200,1,968,180
1779314567.507642031,103,3,200,1,71,181
1779314567.737581968,1000,3,200,1,968,182
1779314567.907835960,53,1,200,1,21,57
1779314567.987662077,1000,3,200,1,968,183
1779314568.237622023,998,3,200,1,966,184
1779314568.362698078,53,3,200,1,21,185
1779314568.487626076,1002,3,200,1,970,186
1779314568.737606049,1002,3,200,1,970,187
1779314568.908693075,53,1,200,1,21,58
1779314568.987730980,1002,3,200,1,970,188
1779314569.237668991,1002,3,200,1,970,189
1779314569.362569094,53,3,200,1,21,190
1779314569.487819910,1002,3,200,1,970,191
1779314569.739480972,1002,3,200,1,970,192
1779314569.911586046,53,1,200,1,21,59
1779314569.989486933,1002,3,200,1,970,193
1779314570.239490032,1002,3,200,1,970,194
1779314570.364461899,53,3,200,1,21,195
1779314570.489543915,1002,3,200,1,970,196
1779314570.740655899,1002,3,200,1,970,197
1779314570.911639929,53,1,200,1,21,60
1779314570.990667105,1002,3,200,1,970,198
1779314571.240634918,1002,3,200,1,970,199
1779314571.365650892,53,3,200,1,21,200
1779314571.490658045,1002,3,200,1,970,201
1779314571.740639925,1002,3,200,1,970,202
1779314571.912000895,53,1,200,1,21,61
1779314571.953654051,50,1,200,1,18,62
1779314571.991571903,1002,3,200,1,970,203
1779314572.241739035,1002,3,200,1,970,204
1779314572.366658926,53,3,200,1,21,205
1779314572.491662979,1002,3,200,1,970,206
1779314572.741631985,1002,3,200,1,970,207
1779314572.912699938,53,1,200,1,21,63
1779314572.991651058,1002,3,200,1,970,208
1779314573.241691113,1002,3,200,1,970,209
1779314573.366569042,53,3,200,1,21,210
1779314573.491703987,1002,3,200,1,970,211
1779314573.741655111,1002,3,200,1,970,212
1779314573.922740936,53,1,200,1,21,64
1779314573.991631031,1002,3,200,1,970,213
1779314574.241719007,1002,3,200,1,970,214
1779314574.366606951,53,3,200,1,21,215
1779314574.491637945,1002,3,200,1,970,216
1779314574.741607904,1002,3,200,1,970,217
1779314574.923327923,53,1,200,1,21,65
1779314574.991630077,1002,3,200,1,970,218
1779314575.241580009,1002,3,200,1,970,219
1779314575.366777897,53,3,200,1,21,220
1779314575.491698980,1002,3,200,1,970,221
1779314575.741586924,1002,3,200,1,970,222
1779314575.923556089,53,1,200,1,21,66
1779314575.991559029,1002,3,200,1,970,223
1779314576.241636038,1002,3,200,1,970,224
1779314576.366611004,53,3,200,1,21,225
1779314576.384548903,58,3,200,1,26,226
1779314576.492573977,1002,3,200,1,970,227
1779314576.742698908,1002,3,200,1,970,228
1779314576.924525023,53,1,200,1,21,67
1779314576.992635965,1002,3,200,1,970,229
1779314577.242578030,1002,3,200,1,970,230
1779314577.367824078,53,3,200,1,21,231
1779314577.492685080,1002,3,200,1,970,232
1779314577.742598057,1002,3,200,1,970,233
1779314577.933662891,53,1,200,1,21,68
1779314577.992733955,1002,3,200,1,970,234
1779314578.242599964,1002,3,200,1,970,235
1779314578.367672920,53,3,200,1,21,236
1779314578.492630005,1002,3,200,1,970,237
1779314578.742654085,1002,3,200,1,970,238
1779314578.934597969,53,1,200,1,21,69
1779314578.992573023,1002,3,200,1,970,239
1779314579.242829084,1002,3,200,1,970,240
1779314579.367655993,53,3,200,1,21,241
1779314579.492633104,1002,3,200,1,970,242
1779314579.742600918,1002,3,200,1,970,243
1779314579.934643030,53,1,200,1,21,70
1779314579.992651939,1002,3,200,1,970,244
1779314580.242645979,1002,3,200,1,970,245
1779314580.367669106,53,3,200,1,21,246
1779314580.492707014,1002,3,200,1,970,247
1779314580.744113922,1002,3,200,1,970,248
1779314580.935890913,53,1,200,1,21,71
1779314580.995085955,1002,3,200,1,970,249
1779314581.245090961,1001,3,200,1,969,250
1779314581.370086908,53,3,200,1,21,251
1779314581.495090961,1001,3,200,1,969,252
1779314581.745124102,1001,3,200,1,969,253
1779314581.935905933,53,1,200,1,21,72
1779314581.995081902,1001,3,200,1,969,254
1779314582.245074987,1001,3,200,1,969,255
1779314582.370064020,53,3,200,1,21,0
1779314582.495085955,1001,3,200,1,969,1
1779314582.745142937,1001,3,200,1,969,2
1779314582.936271906,53,1,200,1,21,73
1779314582.995074987,1001,3,200,1,969,3
1779314583.108123064,143,3,200,1,111,4
1779314583.245073080,1001,3,200,1,969,5
1779314583.370095015,53,3,200,1,21,6
1779314583.495079994,1001,3,200,1,969,7
1779314583.745078087,1000,3,200,1,968,8
1779314583.936614037,53,1,200,1,21,74
1779314583.995091915,1000,3,200,1,968,9
1779314584.245095015,1000,3,200,1,968,10
1779314584.370075941,53,3,200,1,21,11
1779314584.495104074,1000,3,200,1,968,12
1779314584.745101929,1000,3,200,1,968,13
1779314584.946263075,53,1,200,1,21,75
1779314584.995116949,1000,3,200,1,968,14
1779314585.245076895,1000,3,200,1,968,15
1779314585.371084929,53,3,200,1,21,16
1779314585.496072054,729,3,200,1,697,17
1779314585.496125937,303,3,200,1,271,18
1779314585.746072054,1000,3,200,1,968,19
1779314585.946896076,53,1,200,1,21,76
1779314585.996076107,1000,3,200,1,968,20
1779314586.246088028,1000,3,200,1,968,21
1779314586.371114016,53,3,200,1,21,22
1779314586.391092062,58,3,200,1,26,23
1779314586.496079922,1000,3,200,1,968,24
1779314586.746063948,1000,3,200,1,968,25
1779314586.947598934,53,1,200,1,21,77
1779314586.958388090,50,1,200,1,18,78
1779314586.996135950,1000,3,200,1,968,26
1779314587.246077061,998,3,200,1,966,27
1779314587.371134996,53,3,200,1,21,28
1779314587.496083975,998,3,200,1,966,29
1779314587.746088982,998,3,200,1,966,30
1779314587.957391024,53,1,200,1,21,79
1779314587.996072054,998,3,200,1,966,31
1779314588.246073961,936,3,200,1,904,32
1779314588.371077061,53,3,200,1,21,33
1779314588.496166945,936,3,200,1,904,34
1779314588.746074915,936,3,200,1,904,35
1779314588.957945108,53,1,200,1,21,80
1779314588.996093988,936,3,200,1,904,36
1779314589.246068954,936,3,200,1,904,37
1779314589.371112108,53,3,200,1,21,38
1779314589.496109962,936,3,200,1,904,39
1779314589.746109009,938,3,200,1,906,40
1779314589.967134953,53,1,200,1,21,81
1779314590.038269997,937,3,200,1,905,42
1779314590.247092962,938,3,200,1,906,43
1779314590.372144938,53,3,200,1,21,44
1779314590.497076035,936,3,200,1,904,45
1779314590.747128963,936,3,200,1,904,46
1779314590.968271971,53,1,200,1,21,82
1779314590.997116089,936,3,200,1,904,47
1779314591.247083902,936,3,200,1,904,48
1779314591.372112989,53,3,200,1,21,49
1779314591.497077942,936,3,200,1,904,50
1779314591.747086048,936,3,200,1,904,51
1779314591.968774080,53,1,200,1,21,83
1779314591.997092962,936,3,200,1,904,52
1779314592.247143030,936,3,200,1,904,53
1779314592.372087002,53,3,200,1,21,54
1779314592.497077942,936,3,200,1,904,55
1779314592.747086048,936,3,200,1,904,56
1779314592.978699923,53,1,200,1,21,84
1779314592.997117043,936,3,200,1,904,57
1779314593.247092962,936,3,200,1,904,58
1779314593.372056961,53,3,200,1,21,59
1779314593.497080088,936,3,200,1,904,60
1779314593.747082949,936,3,200,1,904,61
1779314593.978986979,53,1,200,1,21,85
1779314593.997091055,936,3,200,1,904,62
1779314594.248146057,936,3,200,1,904,63
1779314594.373087883,53,3,200,1,21,64
1779314594.498090029,936,3,200,1,904,65
1779314594.748076916,936,3,200,1,904,66
1779314594.980732918,53,1,200,1,21,86
1779314594.998075008,936,3,200,1,904,67
1779314595.248097897,936,3,200,1,904,68
1779314595.373086929,53,3,200,1,21,69
1779314595.498117924,936,3,200,1,904,70
1779314595.663096905,72,3,200,1,40,71
1779314595.748080015,936,3,200,1,904,72
1779314595.988709927,53,1,200,1,21,87
1779314595.998090982,936,3,200,1,904,73
1779314596.248151064,936,3,200,1,904,74
1779314596.373095989,53,3,200,1,21,75
1779314596.395153999,58,3,200,1,26,76
1779314596.498156071,936,3,200,1,904,77
1779314596.748109102,936,3,200,1,904,78
1779314596.990057945,53,1,200,1,21,88
1779314596.998079062,936,3,200,1,904,79
1779314597.248078108,936,3,200,1,904,80
1779314597.373085022,53,3,200,1,21,81
1779314597.498099089,936,3,200,1,904,82
1779314597.748097897,936,3,200,1,904,83
1779314597.990319014,53,1,200,1,21,89
1779314597.998114109,936,3,200,1,904,84
1779314598.248115063,936,3,200,1,904,85
1779314598.373085022,53,3,200,1,21,86
1779314598.498104095,936,3,200,1,904,87
1779314598.749114037,936,3,200,1,904,88
1779314598.990860939,53,1,200,1,21,90
1779314598.999075890,936,3,200,1,904,89
1779314599.249124050,936,3,200,1,904,90
1779314599.374119043,53,3,200,1,21,91
1779314599.499160051,936,3,200,1,904,92
1779314599.750691891,936,3,200,1,904,93
1779314599.993508101,53,1,200,1,21,91
1779314600.000633001,936,3,200,1,904,94
1779314600.250684023,936,3,200,1,904,95
1779314600.375684023,53,3,200,1,21,96
1779314600.500724077,936,3,200,1,904,97
1779314600.750673056,936,3,200,1,904,98
1779314601.000720978,936,3,200,1,904,99
1779314601.007553101,53,1,200,1,21,92
1779314601.250736952,936,3,200,1,904,100
1779314601.375849009,53,3,200,1,21,101
1779314601.500731945,936,3,200,1,904,102
1779314601.750731945,936,3,200,1,904,103
1779314601.963136911,50,1,200,1,18,93
1779314602.000848055,936,3,200,1,904,104
1779314602.007827997,53,1,200,1,21,94
1779314602.250720024,936,3,200,1,904,105
1779314602.375688076,53,3,200,1,21,106
1779314602.500847101,936,3,200,1,904,107
1779314602.750612974,936,3,200,1,904,108
1779314603.000762939,936,3,200,1,904,109
1779314603.007931948,53,1,200,1,21,95
1779314603.251766920,936,3,200,1,904,110
1779314603.376756907,53,3,200,1,21,111
1779314603.501629114,936,3,200,1,904,112
1779314603.751771927,936,3,200,1,904,113
1779314604.001658916,936,3,200,1,904,114
1779314604.009063959,53,1,200,1,21,96
1779314604.251668930,936,3,200,1,904,115
1779314604.376686096,53,3,200,1,21,116
1779314604.501683950,936,3,200,1,904,117
1779314604.751717091,936,3,200,1,904,118
1779314605.001760006,936,3,200,1,904,119
1779314605.009732962,53,1,200,1,21,97
1779314605.251900911,936,3,200,1,904,120
1779314605.376687050,53,3,200,1,21,121
1779314605.501729965,936,3,200,1,904,122
1779314605.751646042,936,3,200,1,904,123
1779314606.001645088,936,3,200,1,904,124
1779314606.019057989,53,1,200,1,21,98
1779314606.251681089,936,3,200,1,904,125
1779314606.376693010,53,3,200,1,21,126
1779314606.399611950,58,3,200,1,26,127
1779314606.501749039,936,3,200,1,904,128
1779314606.751646042,936,3,200,1,904,129
1779314607.001718998,936,3,200,1,904,130
1779314607.019570112,53,1,200,1,21,99
1779314607.251653910,936,3,200,1,904,131
1779314607.376748085,53,3,200,1,21,132
1779314607.501789093,936,3,200,1,904,133
1779314607.752760887,936,3,200,1,904,134
1779314608.002687931,936,3,200,1,904,135
1779314608.019829988,53,1,200,1,21,100
1779314608.252677917,936,3,200,1,904,136
1779314608.377620935,53,3,200,1,21,137
1779314608.502737999,936,3,200,1,904,138
1779314608.752763987,936,3,200,1,904,139
1779314609.002722979,936,3,200,1,904,140
1779314609.020452976,53,1,200,1,21,101
1779314609.252655029,936,3,200,1,904,141
1779314609.377670050,53,3,200,1,21,142
1779314609.502685070,936,3,200,1,904,143
1779314609.752783060,936,3,200,1,904,144
1779314610.002743959,936,3,200,1,904,145
1779314610.021285057,53,1,200,1,21,102
1779314610.252662897,936,3,200,1,904,146
1779314610.377648115,53,3,200,1,21,147
1779314610.502609015,936,3,200,1,904,148
1779314610.752665043,936,3,200,1,904,149
1779314611.002621889,936,3,200,1,904,150
1779314611.030668020,53,1,200,1,21,103
1779314611.252707958,936,3,200,1,904,151
1779314611.377722979,53,3,200,1,21,152
1779314611.502667904,936,3,200,1,904,153
1779314611.752701998,936,3,200,1,904,154
1779314612.002743006,936,3,200,1,904,155
1779314612.040244102,53,1,200,1,21,104
1779314612.253691912,936,3,200,1,904,156
1779314612.378717899,53,3,200,1,21,157
1779314612.503761053,936,3,200,1,904,158
1779314612.753700972,936,3,200,1,904,159
1779314613.003654003,936,3,200,1,904,160
1779314613.041959047,53,1,200,1,21,105
1779314613.253669977,936,3,200,1,904,161
1779314613.378686905,53,3,200,1,21,162
1779314613.503770113,936,3,200,1,904,163
1779314613.753710032,936,3,200,1,904,164
1779314614.003712893,936,3,200,1,904,165
1779314614.051529884,53,1,200,1,21,106
1779314614.115792990,143,3,200,1,111,166
1779314614.253613949,936,3,200,1,904,167
1779314614.378917933,53,3,200,1,21,168
1779314614.503797054,936,3,200,1,904,169
1779314614.753648043,936,3,200,1,904,170
1779314615.003654003,936,3,200,1,904,171
1779314615.052078962,53,1,200,1,21,107
1779314615.253750086,936,3,200,1,904,172
1779314615.378650904,53,3,200,1,21,173
1779314615.503648996,936,3,200,1,904,174
1779314615.753684044,936,3,200,1,904,175
1779314616.003815889,936,3,200,1,904,176
1779314616.061841011,53,1,200,1,21,108
1779314616.253722906,936,3,200,1,904,177
1779314616.378720045,53,3,200,1,21,178
1779314616.403664112,58,3,200,1,26,179
1779314616.503676891,936,3,200,1,904,180
1779314616.754770994,936,3,200,1,904,181
1779314616.966311932,50,1,200,1,18,109
1779314617.004746914,936,3,200,1,904,182
1779314617.062139988,53,1,200,1,21,110
1779314617.254684925,936,3,200,1,904,183
1779314617.379642010,53,3,200,1,21,184
1779314617.504688025,936,3,200,1,904,185
1779314617.754693031,936,3,200,1,904,186
1779314618.004667044,936,3,200,1,904,187
1779314618.063077927,53,1,200,1,21,111
1779314618.254648924,936,3,200,1,904,188
1779314618.379719973,53,3,200,1,21,189
1779314618.504858017,936,3,200,1,904,190
1779314618.754728079,936,3,200,1,904,191
1779314619.004703999,936,3,200,1,904,192
1779314619.063466072,53,1,200,1,21,112
1779314619.254719019,936,3,200,1,904,193
1779314619.379679918,53,3,200,1,21,194
1779314619.504703999,936,3,200,1,904,195
1779314619.754736900,936,3,200,1,904,196
1779314620.004677057,936,3,200,1,904,197
1779314620.063719034,53,1,200,1,21,113
1779314620.254798889,936,3,200,1,904,198
1779314620.379725933,53,3,200,1,21,199
1779314620.504631996,936,3,200,1,904,200
1779314620.754645109,936,3,200,1,904,201
1779314621.004718065,936,3,200,1,904,202
1779314621.072947025,53,1,200,1,21,114
1779314621.255732059,936,3,200,1,904,203
1779314621.389242887,53,3,200,1,21,204
1779314621.536602974,941,3,200,1,909,205
1779314621.792804956,941,3,200,1,909,206
1779314622.042661905,939,3,200,1,907,207
1779314622.080316067,53,1,200,1,21,115
1779314622.292624950,939,3,200,1,907,208
1779314622.417743921,53,3,200,1,21,209
1779314622.542747021,939,3,200,1,907,210
1779314622.815336943,939,3,200,1,907,211
1779314622.866673946,143,3,200,1,111,212
